DataType,IterationNumber,numPoints,runs,trueBeta,MCLTSBetaAvg,MCLTSBetaAvgError,MCLTSBetaStd,NoisyStatsBetaAvg,NoisyStatsBetaAvgError,NoisyStatsStd,
Gaussian,10,10,10,0.4596126703415877,2.776421330565849,2.316808660224261,0.9365467187299457,-0.37059089937058404,0.8302035697121717,11.532212890994105,
Bimodal,10,10,10,-0.14880500708995487,0.6067238323138975,0.7555288394038524,0.23757353057440178,-0.6066389819812108,0.45783397489125593,3.1188923025943556,
Outlier,10,10,10,77.71369476538567,-1421.9152789492523,1499.628973714638,778.7054068917139,-2.7565140648502453,80.47020883023592,5.538457035353025,
Gaussian,10,10,10,0.9761329393536706,2.4026854314473085,1.4265524920936379,0.6280045033795549,-0.5721120324019732,1.548244971755644,4.9974959851619065,
Bimodal,10,10,10,0.2975157416388006,0.796033411483895,0.4985176698450943,0.20195085680899721,1.5852286636722632,1.2877129220334627,3.165227111662234,
Outlier,10,10,10,0.21323030368172766,0.420367766177567,0.20713746249583934,0.17033652653295836,-0.749279969633983,0.9625102733157107,2.5583660041560945,
Gaussian,10,10,10,0.8104581704270679,1.0250942961779383,0.21463612575087043,0.22352330086107353,-30.777602860514758,31.588061030941827,86.85860591724348,
Bimodal,10,10,10,0.22297098771327234,-0.6628021091911117,0.885773096904384,0.37834135346531533,1.4621776940039193,1.2392067062906469,5.328196396421396,
Outlier,10,10,10,103.77304862121257,321.2356819538294,217.4626333326168,167.21699834012202,4.037355354504544,99.73569326670803,10.186062596868023,
Gaussian,10,10,10,0.6860427162687818,0.9481955565833944,0.2621528403146126,0.052991529379824584,0.6803079624973277,0.005734753771454049,1.7411186377163066,
Bimodal,10,10,10,-0.1641189207190891,-12.655253357040532,12.491134436321444,8.000193903397438,0.0727529017229317,0.2368718224420208,0.16268836378818433,
Outlier,10,10,10,-0.31754749712717734,-0.22088920880338003,0.0966582883237973,0.09201051714711346,-2.2665210041944617,1.9489735070672842,50.059058666370625,
Gaussian,10,10,10,0.15697060961119613,-0.40425461865874696,0.561225228269943,0.5101369907972593,-3.670042703649753,3.827013313260949,17.865749575567907,
Bimodal,10,10,10,0.1691121974575747,1.1119854794892254,0.9428732820316508,0.6873353093631156,-2.0359177332534766,2.2050299307110515,3.862332714233489,
Outlier,10,10,10,0.08372928834580903,0.3695410674248998,0.2858117790790907,0.236021236557883,0.17868189306446058,0.09495260471865155,0.8431137542226531,
Gaussian,10,10,10,0.6578187185039738,0.9217061158070745,0.26388739730310073,0.286535864114438,2.1565317195200535,1.4987130010160796,6.410916866349139,
Bimodal,10,10,10,0.38350178777177973,2.8799587030539673,2.4964569152821876,1.5269875528789874,1.002575309834027,0.6190735220622474,1.8981749353660504,
Outlier,10,10,10,60.09534965616601,-99.58112425231441,159.67647390848043,52.34637569535591,-2.6894229304453177,62.784772586611325,5.5830695957665455,
Gaussian,10,10,10,0.6545427078316348,0.7832066362946112,0.12866392846297636,0.13151265716865956,-2.3962639342530943,3.050806642084729,5.558132908970044,
Bimodal,10,10,10,0.25957266437291165,-0.30082025139175306,0.5603929157646648,0.49096590692131054,-0.7802235275691943,1.039796191942106,2.7898893752465628,
Outlier,10,10,10,0.06913836150830224,0.22154762211536455,0.1524092606070623,0.1588695278824721,-1.6057831592036156,1.674921520711918,4.133128433522794,
Gaussian,10,10,10,0.648569211430504,1.224107569693982,0.5755383582634781,0.2875676697275715,-0.6959451080425235,1.3445143194730274,3.730575352470147,
Bimodal,10,10,10,0.39134293595170716,16.05968047180553,15.668337535853825,5.465785034920559,-0.8827587636592567,1.2741016996109638,3.8118792875480096,
Outlier,10,10,10,0.11275591246156716,0.4566142168662407,0.3438583044046736,0.2667875940336098,1.3746864476341114,1.2619305351725443,5.510718485634131,
Gaussian,10,10,10,0.5375042677462172,0.4193410436474774,0.1181632240987398,0.08309719028011704,-1.0965707218992324,1.6340749896454496,4.029335398432033,
Bimodal,10,10,10,-0.1527061749500952,-0.8154204475089977,0.6627142725589025,0.2242398495908951,-0.6594488930693277,0.5067427181192325,2.617240564557324,
Outlier,10,10,10,0.22828948215150535,0.6871623776344561,0.45887289548295074,0.21390333059094768,-0.5018940641936762,0.7301835463451816,1.3521327920745958,
Gaussian,10,10,10,0.5630267971409869,0.8940076026629535,0.3309808055219666,0.22039329828791052,1.8956775421839407,1.3326507450429537,4.770680179840409,
Bimodal,10,10,10,0.14165631835416542,0.1825482974304898,0.040891979076324386,0.12404613841624279,0.6187275659956003,0.4770712476414349,2.216363608376507,
Outlier,10,10,10,-0.2021036948821778,0.03190367001653841,0.2340073648987162,0.20624020429313442,-0.8043374940509921,0.6022337991688143,1.2934732353121716,
Gaussian,25,25,10,0.7931328162557295,0.494728094691006,0.29840472156472353,0.057473014348980785,-1.4345162832870946,2.227649099542824,2.5332520186742777,
Bimodal,25,25,10,0.05143835107182607,-0.023039100121403595,0.07447745119322967,0.11710535717624723,1.9893440397329847,1.9379056886611585,7.277036883303429,
Outlier,25,25,10,0.08969359402269154,0.17241107736486422,0.08271748334217267,0.11605768587696091,-0.19466865470850003,0.2843622487311916,1.2986114115190892,
Gaussian,25,25,10,0.7049365615747953,0.6481462347267217,0.05679032684807361,0.0381559077908715,0.27001717566301064,0.4349193859117847,0.755556077336785,
Bimodal,25,25,10,0.8640337196058003,2.411173393175575,1.5471396735697747,0.4546135292968444,1.063912526531847,0.19987880692604665,3.6183100326289734,
Outlier,25,25,10,59.96076579622618,476.18068347036586,416.2199176741397,211.32186165798518,0.3235380299973901,59.63722776622879,2.3175591732580463,
Gaussian,25,25,10,0.756998622787044,0.911166943503075,0.15416832071603104,0.05898521713941654,-0.20309033395907913,0.9600889567461232,1.1692729502076482,
Bimodal,25,25,10,0.3263551161785439,-0.1121791242334242,0.4385342404119681,0.06263680144018853,0.5352238777605056,0.20886876158196171,1.4063053038941513,
Outlier,25,25,10,-0.05285609728168496,0.049558288035379164,0.10241438531706412,0.07982206306928025,-1.2983702439638791,1.2455141466821942,4.76533232076729,
Gaussian,25,25,10,0.7328941512386115,0.5957501554691245,0.137143995769487,0.07964849690436829,-3.3807010959200747,4.1135952471586865,6.685543778771718,
Bimodal,25,25,10,0.8134160017912795,1.7737041498248403,0.9602881480335608,0.40739710416424346,-51.02883290581395,51.84224890760523,148.95817404211758,
Outlier,25,25,10,42.36899217553718,1050.7262332793564,1008.3572411038192,815.9491742311485,-0.16236988006344194,42.531362055600624,3.5260055707449074,
Gaussian,25,25,10,0.5795775616565277,0.6147294862487223,0.03515192459219452,0.08164838649219874,-2.321276369631532,2.9008539312880597,7.1190019681788215,
Bimodal,25,25,10,0.2902535473600313,-0.3900583531822313,0.6803119005422626,0.37866479222967064,2.8390507584155915,2.54879721105556,8.913957054554134,
Outlier,25,25,10,30.361019104516842,638.018080904641,607.6570618001242,265.94806777277887,-25.794431943879108,56.155451048395946,76.36116524023173,
Gaussian,25,25,10,0.8537089054165906,0.9941248347306546,0.140415929314064,0.04120865855215746,-2.128600565036094,2.9823094704526847,6.441245806342662,
Bimodal,25,25,10,0.20545331080677715,0.04051182735942642,0.1649414834473507,0.09411009110054733,0.1934421948154501,0.012011115991327037,4.5077142472672005,
Outlier,25,25,10,36.95845911122766,749.4068403284485,712.4483812172209,331.2727197965831,-0.5706127275571331,37.529071838784795,1.2218787632909396,
Gaussian,25,25,10,0.539273086467412,0.2645677268186809,0.2747053596487311,0.05495173549348225,-0.47007032688675904,1.009343413354171,2.2243304412940446,
Bimodal,25,25,10,0.40026881183334817,-0.1852628593279128,0.585531671161261,0.45750248829177476,1.1971813367311275,0.7969125248977793,3.0729773133001843,
Outlier,25,25,10,-0.00270967394707444,355.6132145206253,355.6159241945724,155.6480621006001,0.31028100574774065,0.3129906796948151,0.6044321845670239,
Gaussian,25,25,10,0.7184571055730312,0.8682968656434904,0.14983976007045918,0.10363902823497215,-1.8193796528307415,2.5378367584037727,7.642158932639292,
Bimodal,25,25,10,0.4646117796610637,-0.1149261220513083,0.579537901712372,0.2010126829976044,-3.399963591321252,3.864575370982316,8.371865317943161,
Outlier,25,25,10,26.696004268333965,318.96893571741157,292.2729314490776,172.40736194176856,-0.6689185176286906,27.364922785962655,1.876598774701848,
Gaussian,25,25,10,0.8766503752100137,1.205464295568708,0.3288139203586944,0.221979210951333,-1.109687874682662,1.9863382498926756,29.138289331176384,
Bimodal,25,25,10,0.12955136472378811,0.19994274812153684,0.07039138339774872,0.07418702015860977,-9.50835023325526,9.637901597979049,31.571635634400547,
Outlier,25,25,10,-0.211275963737336,-0.04456489195335807,0.16671107178397793,0.06989137196689761,1.463765501877372,1.6750414656147081,2.5838187378770825,
Gaussian,25,25,10,0.6616368061702432,1.0203185414638625,0.35868173529361924,0.23920791997764387,1.1724451794228368,0.5108083732525935,4.642410076475424,
Bimodal,25,25,10,0.44966697847218995,-0.07034317577653572,0.5200101542487257,0.08767046718690782,-0.19775100491669662,0.6474179833888866,3.981037412855404,
Outlier,25,25,10,39.30958061116363,415.763563199882,376.45398258871836,189.2302106802965,-0.5984235589110243,39.908004170074655,1.020909466947718,
Gaussian,50,50,10,0.7120622757224805,0.776840212170455,0.06477793644797447,0.035086600040709744,0.8082314866304271,0.09616921090794661,0.7214125596150758,
Bimodal,50,50,10,0.6690947578014348,0.7536776941218157,0.08458293632038094,0.02559165726978651,-1.1463312596719901,1.815426017473425,2.5056032583244368,
Outlier,50,50,10,36.757975453828905,29.820486709377594,6.937488744451311,6.404640565815254,-5.5094695525992625,42.26744500642817,22.6489108499297,
Gaussian,50,50,10,0.7637126333577651,0.6881994585129217,0.07551317484484332,0.026750448809410073,-0.2995172502358379,1.063229883593603,1.0025017900777398,
Bimodal,50,50,10,0.4023168587750844,-0.008668030790098548,0.4109848895651829,0.1571304026610023,0.31799250969387205,0.08432434908121234,0.6055824047117998,
Outlier,50,50,10,32.820183783036,109.80402339971536,76.98383961667936,43.32376652333721,-3.2463092361862445,36.06649301922224,7.668388608635513,
Gaussian,50,50,10,0.4436788275899194,0.6444621936176227,0.2007833660277033,0.05053678753690842,11.917013698266176,11.473334870676258,35.47828943840939,
Bimodal,50,50,10,0.2877717250899465,1.2929822855236917,1.0052105604337451,0.5812584978934748,-5.026542273073953,5.314313998163899,6.862069188667129,
Outlier,50,50,10,34.12828793033578,40.10864509685716,5.9803571665213795,4.051628892866851,0.07882096570840333,34.04946696462738,2.4690753933157357,
Gaussian,50,50,10,0.7835545450650387,0.9357558705339312,0.15220132546889242,0.05740508492132468,0.14841989362109503,0.6351346514439438,0.1842363424076674,
Bimodal,50,50,10,0.4904028033323006,0.04371655697876292,0.44668624635353765,0.12826843240070596,0.33352511271853,0.15687769061377055,2.8218255139119433,
Outlier,50,50,10,34.023809473810466,33.525660747085624,0.49814872672484256,1.56739904886073,0.467090340012425,33.55671913379804,5.359906540055981,
Gaussian,50,50,10,0.6252283007781444,0.5901964950605081,0.03503180571763631,0.018038210523763736,1.164470458816384,0.5392421580382395,1.0774020958777244,
Bimodal,50,50,10,0.6684365496113924,1.1137932239370967,0.44535667432570425,0.19888779934800588,0.06947642775660796,0.5989601218547844,0.8775414666944995,
Outlier,50,50,10,24.80779978361395,134.8523833685034,110.04458358488947,67.69307710413483,1.0610828698025503,23.7467169138114,2.6964871281860114,
Gaussian,50,50,10,0.6242639954589612,0.5032968758554982,0.12096711960346296,0.028509378702748653,-0.006006902832202332,0.6302708982911635,1.0752591270156544,
Bimodal,50,50,10,0.7374733660705433,0.7036460190243291,0.03382734704621415,0.0490709730363889,3.2660074417240126,2.5285340756534693,5.12516365447845,
Outlier,50,50,10,41.52282098085038,55.50517457992007,13.98235359906969,6.548343731603241,0.24453226320043941,41.27828871764994,0.7386481578594792,
Gaussian,50,50,10,0.60009031941653,0.565277144896594,0.03481317451993604,0.026425067776391233,-0.06067255725005564,0.6607628766665856,0.8870221000447156,
Bimodal,50,50,10,0.24811280384348047,0.2232559625047473,0.02485684133873317,0.03591796807265175,-1.011884110299519,1.2599969141429996,3.173795465997335,
Outlier,50,50,10,43.9690368940579,533.1331704632847,489.1641335692268,317.4694166356003,1.519640763151324,42.44939613090658,5.301589190205124,
Gaussian,50,50,10,0.8916673707840451,0.9385401430835774,0.04687277229953224,0.0427162290650223,0.5191401394935817,0.3725272312904634,0.3903866891422578,
Bimodal,50,50,10,0.6638109954558462,1.166932794988559,0.5031217995327129,0.14689239103260132,0.681515129605831,0.01770413414998484,1.0684320167991108,
Outlier,50,50,10,32.798884792717345,2342.664894703307,2309.8660099105896,1270.6730070457024,-77.2119775599555,110.01086235267285,231.8436868896881,
Gaussian,50,50,10,0.5041828307560635,0.3403118401980862,0.16387099055797733,0.03794818725543381,0.8625822380746397,0.3583994073185762,3.3954278438328207,
Bimodal,50,50,10,0.48835131589340525,-0.03248646152994296,0.5208377774233482,0.11684563409467541,0.07324708940187813,0.4151042264915271,0.14237968847162544,
Outlier,50,50,10,36.3977226584281,37.58123852620182,1.1835158677737212,2.1663030099777836,0.8772479060335823,35.52047475239452,1.894290278581987,
Gaussian,50,50,10,0.6633801754854396,0.6616979935700829,0.0016821819153567397,0.014520945376127276,1.220436476641424,0.5570563011559844,1.9617738959941278,
Bimodal,50,50,10,0.6602945337453443,0.8189164712104274,0.15862193746508313,0.027693004885866245,-0.2938931656669009,0.9541876994122451,2.262134002030754,
Outlier,50,50,10,29.56098454686544,26.32602096105303,3.2349635858124124,4.707747609055801,2.1086040533583494,27.452380493507093,4.251322247316517,
Gaussian,75,75,10,0.8323586061059584,0.8851116165773643,0.0527530104714059,0.014844998806185181,0.45360414343485855,0.3787544626710998,0.34294564366137237,
Bimodal,75,75,10,0.4568041211500298,1.6398554179900047,1.183051296839975,0.7691292272956175,-0.11710650306672155,0.5739106242167513,1.119690050346272,
Outlier,75,75,10,27.97471072564439,30.898086420896995,2.9233756952526058,1.457126289962619,-0.32238644783375553,28.297097173478143,5.443198065408479,
Gaussian,75,75,10,0.6176201209795806,0.6028975869666254,0.014722534012955202,0.0421979560107538,0.4667107180437795,0.15090940293580113,1.109200308033967,
Bimodal,75,75,10,0.371710374343751,0.2020910318360433,0.1696193425077077,0.06863281753208582,1.3186338181777617,0.9469234438340107,4.234508342009028,
Outlier,75,75,10,23.67684040996651,21.328999597710208,2.347840812256301,1.5168825764596765,0.24629200430652745,23.43054840565998,0.7875151118925566,
Gaussian,75,75,10,0.8886975673506519,0.7991554880472567,0.0895420793033952,0.017268906350264436,0.18999136582749782,0.698706201523154,2.361364976217615,
Bimodal,75,75,10,0.44644328235628933,0.12217586236004338,0.324267419996246,0.09197746679609989,0.005651686772443232,0.4407915955838461,0.6279392926626054,
Outlier,75,75,10,28.872456517232287,27.854279098430673,1.0181774188016135,1.0736524547097985,0.2417086944364816,28.630747822795804,0.8832304436788668,
Gaussian,75,75,10,0.6812999755566101,0.6941631438572983,0.012863168300688121,0.020576803980965702,0.014290346108729323,0.6670096294478808,1.0071054202564054,
Bimodal,75,75,10,0.49641809127528924,1.71852852093437,1.2221104296590806,0.7452223314953124,-0.18254207333916184,0.6789601646144511,0.641082905362043,
Outlier,75,75,10,29.02462924227006,28.805506229593078,0.21912301267698098,0.6588721277429759,-0.12912553478313157,29.15375477705319,5.9123826633704795,
Gaussian,75,75,10,0.9978058267182581,0.9862503514998329,0.01155547521842526,0.021834176852456384,0.08688332544034766,0.9109225012779105,8.257619699402303,
Bimodal,75,75,10,0.5218361263527335,1.3764262107354275,0.854590084382694,0.48383928388700564,-0.1337041745380496,0.6555403008907831,1.4124005595102527,
Outlier,75,75,10,28.955772622476953,38.443044798150716,9.487272175673763,5.804122050410677,-0.10511237845750401,29.06088500093446,0.9321852416303561,
Gaussian,75,75,10,0.7003141423586995,0.5958370516776178,0.10447709068108169,0.059303732012006456,0.6884551190409904,0.01185902331770905,1.9166767034556251,
Bimodal,75,75,10,0.4962641091435098,1.7612583307319252,1.2649942215884153,0.8105435683803502,1.8564661076990394,1.3602019985555296,3.119664765736366,
Outlier,75,75,10,28.84528902287118,31.64520079588516,2.799911773013978,3.3604114876040367,-6.204996122681523,35.05028514555271,7.317357123526861,
Gaussian,75,75,10,0.9321119591350887,0.9644747872815413,0.03236282814645264,0.03517181425521156,-0.6753853931171532,1.607497352252242,1.7281540208191457,
Bimodal,75,75,10,0.6875741033364344,0.9168793742447676,0.2293052709083332,0.14476445812796213,1.1291483118151218,0.44157420847868734,1.213272831791542,
Outlier,75,75,10,30.883328517136054,92.31502618812472,61.43169767098867,32.46341391681253,-0.3974423043401806,31.280770821476235,1.6656082884179904,
Gaussian,75,75,10,0.7483225143693616,0.8306076582514352,0.08228514388207364,0.030109122498927606,0.15207321164815893,0.5962493027212027,0.37210757439244363,
Bimodal,75,75,10,0.3200809050981659,0.6265908230291555,0.3065099179309896,0.10340943936174259,0.4409395032052442,0.12085859810707833,0.3157657857734419,
Outlier,75,75,10,34.89432356480731,54.04746779294017,19.15314422813286,7.565172403582665,-0.48386006323726294,35.378183628044575,1.4778296430005655,
Gaussian,75,75,10,0.8156925552486947,0.8629766630759713,0.047284107827276656,0.02552616097383978,0.8530079099241424,0.037315354675447776,1.275841850981619,
Bimodal,75,75,10,0.6584642483513481,1.8404819001067345,1.1820176517553864,0.5399165577904933,0.48441712076629456,0.17404712758505353,2.361193263865032,
Outlier,75,75,10,30.205007851289466,28.58528645365441,1.6197213976350575,1.7590096919726208,-1.8458843027501772,32.050892154039644,8.705788723809123,
Gaussian,75,75,10,0.7985609220603846,0.8003502700324198,0.0017893479720351158,0.009218577477687992,4.3713811051728495,3.572820183112465,9.492962608314418,
Bimodal,75,75,10,0.3105205808712345,-0.38892816082496495,0.6994487416961994,0.414973695549207,-0.6648863701453089,0.9754069510165435,5.539672666885751,
Outlier,75,75,10,31.75386511225568,35.19484150926501,3.4409763970093294,1.8695367892548855,1.4316347540636882,30.322230358191995,4.280102842942315,
Gaussian,100,100,10,0.6402144266508564,0.642577207332076,0.002362780681219645,0.012915562784448107,0.3269831238029516,0.3132313028479048,0.2503696278039416,
Bimodal,100,100,10,0.4882063871540794,0.45403046312905443,0.03417592402502495,0.0136606278318136,-0.7156988945141809,1.2039052816682603,2.347519318595301,
Outlier,100,100,10,26.45217896749291,27.150033812045443,0.6978548445525341,0.7871900302979377,8.606305923778953,17.845873043713958,10.665870486204172,
Gaussian,100,100,10,0.6655194520922985,0.6799025022532141,0.014383050160915678,0.015505587155101527,0.30287346804667825,0.3626459840456202,0.5144812180830692,
Bimodal,100,100,10,0.29568126944898726,0.09526857154488227,0.20041269790410499,0.021343409632339765,-0.6605879164304433,0.9562691858794305,1.0934584648297536,
Outlier,100,100,10,29.79663053014282,34.281330587463295,4.484700057320474,2.4487093242624893,0.510826798809604,29.285803731333218,1.6436083868386817,
Gaussian,100,100,10,0.6479173287553536,0.6977376012117092,0.049820272456355674,0.028630322198992163,0.05832886615421917,0.5895884626011344,0.7086689194105209,
Bimodal,100,100,10,0.6327577810828414,1.7224963667408422,1.0897385856580009,0.6603729755044133,0.8406371884667909,0.2078794073839495,1.23444413977744,
Outlier,100,100,10,25.44932309092049,23.39877618158217,2.050546909338319,0.939186713968371,-1.3831979231515905,26.832521014072082,3.7584880931003224,
Gaussian,100,100,10,0.754891004462399,0.7202846716429616,0.03460633281943737,0.02106322605058829,1.8300699998607617,1.0751789953983626,3.3386206429478515,
Bimodal,100,100,10,0.314516449817465,0.20395549926832848,0.11056095054913653,0.01655710978448602,0.6135640056485848,0.2990475558311198,0.9841822526825085,
Outlier,100,100,10,26.587556002292683,29.535704604511174,2.9481486022184917,1.5340896309558882,-1.1031571805780946,27.690713182870777,1.8913863394493509,
Gaussian,100,100,10,0.6403146131327282,0.5745019509195144,0.0658126622132138,0.01155856934412729,0.5929643755682259,0.047350237564502295,1.7148290181970722,
Bimodal,100,100,10,0.5843505944996954,0.3849388079630448,0.1994117865366506,0.027540770434380968,-9.732226066054459,10.316576660554155,28.619302589613703,
Outlier,100,100,10,32.20727204061002,28.96249114835382,3.244780892256202,2.344312236231884,2.0350106946429545,30.172261345967065,3.3939918019969837,
Gaussian,100,100,10,0.547965664887952,0.5775909870103252,0.029625322122373232,0.02775130955349437,0.7410202558216641,0.19305459093371213,1.5098858661192875,
Bimodal,100,100,10,0.8309284583866768,0.9561543584960708,0.12522590010939394,0.014190199489788629,0.6593719193737205,0.1715565390129563,2.5063950970045425,
Outlier,100,100,10,26.68759479539877,26.191988244683237,0.4956065507155323,1.1616314836487165,-0.8146948068992375,27.502289602298006,2.526517834620075,
Gaussian,100,100,10,0.5283923223322424,0.42465264769170386,0.10373967464053857,0.055007945392037357,62.955100135921874,62.42670781358963,185.5905863158316,
Bimodal,100,100,10,0.5923510036029269,1.653076775276031,1.060725771673104,0.4085305834602279,0.2835034145258371,0.3088475890770898,0.999047712330317,
Outlier,100,100,10,32.46600074314324,35.381074853739946,2.9150741105967057,1.724435897501064,-1.0996359604182049,33.565636703561445,2.3864270390844933,
Gaussian,100,100,10,0.6713060316500037,0.6826768517318013,0.011370820081797572,0.007939895044759409,-0.673078550580194,1.3443845822301976,3.3135024826570705,
Bimodal,100,100,10,0.5474013293066995,0.9719237316488334,0.4245224023421339,0.11089732688803858,0.6775338807782141,0.1301325514715146,1.3244101143087634,
Outlier,100,100,10,32.41645406459719,33.4269230903801,1.0104690257829105,0.8912611414363243,-0.3684162620198591,32.784870326617046,1.33584623829861,
Gaussian,100,100,10,0.740190991917538,0.7800830394122797,0.039892047494741734,0.028924940638345564,0.38399547263891415,0.35619551927862386,0.43682627380277245,
Bimodal,100,100,10,0.4988409415313213,0.8729522973115232,0.37411135578020194,0.1908111532860404,1.0527656506612055,0.5539247091298842,0.6618899146029288,
Outlier,100,100,10,30.027870489065865,36.05510186925942,6.027231380193552,2.485553736547217,-2.0303238048389844,32.05819429390485,4.352625265551479,
Gaussian,100,100,10,0.5477977645980557,0.552031400139547,0.004233635541491254,0.022906894315881204,0.9685867660763424,0.4207890014782867,1.3765944537440993,
Bimodal,100,100,10,0.47560130360160374,0.23126102356030556,0.24434028004129818,0.024051854425178393,2.179165230383693,1.703563926782089,4.076618667697703,
Outlier,100,100,10,26.83712361132513,23.600355168129514,3.236768443195615,2.2645298846716866,-1.183443036170854,28.020566647495983,2.9707644154761352,
Gaussian,200,200,10,0.8952613052866454,0.8614359446064167,0.03382536068022868,0.010478613375506015,0.4589725170947446,0.43628878819190076,0.3532725461764455,
Bimodal,200,200,10,0.3076581764993226,0.11710479995997294,0.19055337653934964,0.010203029627634077,0.47217442546927246,0.16451624896994987,0.6797543874558927,
Outlier,200,200,10,21.732447641996004,21.200504348926827,0.5319432930691761,0.2577295623298171,-1.2841934777864008,23.016641119782406,2.424113644463894,
Gaussian,200,200,10,0.6690016944527002,0.6665152259024142,0.002486468550286003,0.0028583699395235674,0.8635832341162908,0.1945815396635906,0.5635757860011865,
Bimodal,200,200,10,0.4471363982966591,0.35568451783641714,0.09145188046024194,0.003463911615773051,0.06368101322752799,0.38345538506913107,0.819782008520567,
Outlier,200,200,10,25.03315988511202,25.68149783230526,0.6483379471932409,0.49213109641763886,-1.6284021305917213,26.66156201570374,5.149249615018724,
Gaussian,200,200,10,0.6414415451544117,0.639204789240795,0.002236755913616606,0.003856403366979037,0.7766267248503645,0.1351851796959529,1.0664325704282231,
Bimodal,200,200,10,0.34983022945030307,0.16725674846515898,0.1825734809851441,0.013624418242265414,1.1628968158100625,0.8130665863597595,1.2730489584830564,
Outlier,200,200,10,25.479617360023973,28.218322629967314,2.738705269943342,1.3409445755135412,2.144687776732448,23.334929583291526,6.51354860609694,
Gaussian,200,200,10,0.6253735828008979,0.5885163294684284,0.036857253332469586,0.00583725705906155,0.06254906487457072,0.5628245179263273,1.0970648914830248,
Bimodal,200,200,10,0.4173920061140879,0.5350182760964057,0.11762626998231784,0.02820003866719707,-0.930428818075492,1.34782082418958,1.781877008705055,
Outlier,200,200,10,25.852863683479562,26.81244320769814,0.9595795242185794,0.2078629124832446,1.5587386042066163,24.294125079272945,4.61952537931087,
Gaussian,200,200,10,0.6913265036307028,0.7492863946592022,0.05795989102849941,0.016651107228719167,0.08901970157434139,0.6023068020563614,0.5053377110168701,
Bimodal,200,200,10,0.4578939276769511,0.2832542738619989,0.17463965381495217,0.015867366147918276,0.8217470300498901,0.36385310237293905,1.3947871810058108,
Outlier,200,200,10,23.466616786668453,21.86190441314975,1.6047123735187014,0.4238944647284263,-0.23464994731350047,23.701266733981953,1.3390314076854783,
Gaussian,200,200,10,0.7539785936460441,0.7618783601387629,0.00789976649271873,0.021400598150873248,1.4564160254594878,0.7024374318134436,2.023633674768909,
Bimodal,200,200,10,0.4201124783490739,0.16041061444194996,0.2597018639071239,0.050130396707282567,-0.2111215461123941,0.631234024461468,0.8065430864237156,
Outlier,200,200,10,26.644177668681436,28.932576499214292,2.2883988305328558,0.7256608881508931,-0.18503603539772945,26.829213704079166,0.3334158592581279,
Gaussian,200,200,10,0.8982361578949836,0.9208625950615581,0.02262643716657453,0.004301453249935097,2.6550339832225505,1.756797825327567,4.428833294580424,
Bimodal,200,200,10,0.5585689242786328,0.6943573168106303,0.13578839253199748,0.011431354146716498,-0.16880866710973536,0.7273775913883682,2.7401177818988396,
Outlier,200,200,10,24.523153166414755,24.359734210247062,0.16341895616769264,0.4409553872540508,-0.019483438169411275,24.542636604584168,0.47789342096120535,
Gaussian,200,200,10,0.6857865569542251,0.6878686641153393,0.0020821071611142328,0.0028925726048859004,0.5572503321481912,0.12853622480603388,1.3802201154985168,
Bimodal,200,200,10,0.3303533059885188,0.23443262479548,0.09592068119303881,0.02341307577218937,0.5184385201804033,0.18808521419188445,0.9391472989639287,
Outlier,200,200,10,26.45341056329482,25.478574084493875,0.9748364788009454,0.9475107132664037,4.576251943544084,21.877158619750738,2.6732119218915478,
Gaussian,200,200,10,0.7842793268678365,0.8257610835705537,0.04148175670271714,0.02158802729680604,-0.11489958504199001,0.8991789119098266,2.762366607625156,
Bimodal,200,200,10,0.4860746561877916,0.20957120451642924,0.27650345167136237,0.07619141590358265,533.8893003251478,533.40322566896,1634.0868543452846,
Outlier,200,200,10,25.42913508733783,24.400764883112995,1.028370204224835,0.29295689880416564,-0.20222992359390446,25.631365010931734,1.3293220121266829,
Gaussian,200,200,10,1.0567238503764516,1.0161441100683224,0.040579740308129164,0.006024159876060743,0.33897837443736645,0.7177454759390851,0.6392540190433333,
Bimodal,200,200,10,0.35222840148938056,0.17782422354399247,0.1744041779453881,0.02007667526166577,0.0626330525737978,0.28959534891558275,0.5885244646316682,
Outlier,200,200,10,22.96206720958073,23.828965501876997,0.8668982922962662,0.5518703638914868,-0.5446580581668482,23.50672526774758,1.0602752686149577,
Gaussian,300,300,10,0.6891349976354972,0.6802505608776284,0.008884436757868874,0.004716484983196247,0.5614417708800801,0.12769322675541717,0.759809781516372,
Bimodal,300,300,10,0.4420311375793741,0.25238589393822186,0.18964524364115226,0.03255455231924499,0.9792605908077163,0.5372294532283421,1.5900505271798993,
Outlier,300,300,10,22.91023062597881,24.276175141613994,1.365944515635185,0.3145184251215534,-2.1388841470707654,25.049114773049574,7.42250135578785,
Gaussian,300,300,10,0.7388230366820939,0.8015612299476821,0.06273819326558816,0.008007085221467378,0.6642221127642308,0.0746009239178631,0.8596246502253381,
Bimodal,300,300,10,0.48403471403151266,0.24163088485254844,0.24240382917896422,0.016737391983384805,0.40833805949471086,0.0756966545368018,0.26752647080835534,
Outlier,300,300,10,25.977737147532025,27.516989701571724,1.5392525540396989,0.5216554119523379,0.29360606744300116,25.684131080089024,1.3475418673413475,
Gaussian,300,300,10,0.6640606004467874,0.6322990083223192,0.03176159212446816,0.015994387585616845,1.4178441375145128,0.7537835370677254,2.425730997953905,
Bimodal,300,300,10,0.5607289581127466,0.6581027085410003,0.09737375042825369,0.004040351414712099,0.13330922313771124,0.4274197349750354,1.2315671896141318,
Outlier,300,300,10,26.94534042136775,28.29260058878675,1.3472601674190017,0.6322713204367407,-1.5323058978249064,28.477646319192655,3.1609317489751745,
Gaussian,300,300,10,0.8204515834186725,0.834816731770393,0.014365148351720425,0.007996085986477467,1.3482865863889293,0.5278350029702568,1.1905182020765532,
Bimodal,300,300,10,0.4233127598576183,0.16029800084705692,0.26301475901056137,0.06971803677550313,0.3975710625268206,0.025741697330797675,0.38823796655418774,
Outlier,300,300,10,20.449392838995102,20.005800303394032,0.4435925356010699,0.1257532236498422,-0.8727331534929702,21.322125992488072,2.0470390445773687,
Gaussian,300,300,10,0.6595021270649591,0.7224015155936506,0.06289938852869148,0.016630508697639032,0.30223394858613306,0.3572681784788261,0.3091692293783982,
Bimodal,300,300,10,0.29995468691198374,0.04885544274468255,0.25109924416730117,0.01891785725133666,0.2721188699229339,0.027835816989049855,1.071338430919153,
Outlier,300,300,10,30.38323356094387,32.95711191295637,2.5738783520124997,0.21586033104745228,0.9473306231595439,29.435902937784327,3.0245512368716176,
Gaussian,300,300,10,0.6350162073448063,0.6299150302834587,0.005101177061347606,0.006714950481010637,3.1374588429402133,2.502442635595407,7.4173265510189434,
Bimodal,300,300,10,0.27531531166068074,0.0451283297466802,0.23018698191400055,0.02783693907933773,1.0268799062254936,0.7515645945648128,5.336765321055361,
Outlier,300,300,10,27.474346275687395,29.290148351942527,1.8158020762551317,0.6914379151875314,-1.5492368104779823,29.023583086165377,3.848816014488982,
Gaussian,300,300,10,0.7061613441126446,0.6887708148996082,0.01739052921303641,0.007402517660947366,0.6296550108705753,0.07650633324206935,0.35785816570694134,
Bimodal,300,300,10,0.3805359380318256,0.14942758379297993,0.23110835423884568,0.028024755385749958,1.3804845917592865,0.9999486537274609,2.050927691270501,
Outlier,300,300,10,24.855144948651205,25.81786602523517,0.9627210765839642,0.5700995882427621,-0.7450504274650587,25.600195376116265,2.444509040587757,
Gaussian,300,300,10,0.7691034415192054,0.7892834518876499,0.020180010368444523,0.0053904700040476915,1.073562401374796,0.30445895985559057,1.24616378427924,
Bimodal,300,300,10,0.2949967306914706,0.15054500035974022,0.14445173033173037,0.014152552256575562,2.2141739757385457,1.919177245047075,4.84000806530662,
Outlier,300,300,10,25.68511117211185,26.759456835153447,1.0743456630415977,0.12111044345468824,-0.30417825941838855,25.98928943153024,0.48123257715249285,
Gaussian,300,300,10,0.7014734319616153,0.7653351965708156,0.06386176460920034,0.00814301029509869,0.2273946402496195,0.47407879171199574,0.9574331459933499,
Bimodal,300,300,10,0.37933958614410335,0.19079591816261307,0.18854366798149028,0.021125928123592562,13.419538947654052,13.040199361509949,39.667952853811876,
Outlier,300,300,10,23.747108073639648,23.59342845065021,0.15367962298943638,0.1208544035176562,0.6075008103579738,23.139607263281675,4.0502920669132125,
Gaussian,300,300,10,0.5814136381427966,0.5734507135097948,0.007962924633001744,0.0035189284881477485,0.34792500737006105,0.23348863077273552,0.3748165438526002,
Bimodal,300,300,10,0.5238881066618579,0.6581146383511348,0.1342265316892769,0.037042734369983885,0.35286156745313757,0.17102653920872035,0.21092588642352525,
Outlier,300,300,10,24.163930225448592,24.16055895846837,0.0033712669802206108,0.21367798283993558,-1.6865778805915865,25.850508106040177,3.730386289130077,
Gaussian,400,400,10,0.7216310721275518,0.7338211863602364,0.012190114232684568,0.005011174514267196,0.3870804939067227,0.3345505782208291,0.413283475863896,
Bimodal,400,400,10,0.5153214897250574,0.6528132616077297,0.13749177188267225,0.03364605288781456,1.0343887175005693,0.5190672277755118,1.126590165497331,
Outlier,400,400,10,23.214450707079145,22.727419632492687,0.4870310745864579,0.061506262597990295,0.2395616961420551,22.97488901093709,0.8190644393457199,
Gaussian,400,400,10,0.6716600320076038,0.6480677594345906,0.023592272573013218,0.004718882769236106,0.45909479920545593,0.2125652328021479,0.21803771086479493,
Bimodal,400,400,10,0.354807864826283,0.1768743153994781,0.17793354942680492,0.014905475992928305,0.7990901912208883,0.4442823263946053,0.8530677945595538,
Outlier,400,400,10,26.40220008401265,28.098075688677305,1.6958756046646535,0.3328749047442894,-0.984298217101097,27.386498301113747,1.8046686280827298,
Gaussian,400,400,10,0.5540309677284816,0.5511703119167415,0.0028606558117401093,0.002660825275178649,1.0337822732506141,0.4797513055221325,1.1440173640716942,
Bimodal,400,400,10,0.3767493691567988,0.19775837959562778,0.17899098956117102,0.010461485330544529,0.19835379323235677,0.17839557592444202,0.6081868666192172,
Outlier,400,400,10,24.14060482842779,23.748181709541136,0.39242311888665427,0.25140854295120085,-1.6699344730456906,25.81053930147348,3.945734909468933,
Gaussian,400,400,10,0.6562516793962384,0.6523043124184985,0.003947366977739897,0.008188140676264643,0.5577299479886829,0.09852173140755549,0.3720887961467014,
Bimodal,400,400,10,0.29092696412312147,0.10620837457125284,0.18471858955186862,0.03133803979511465,0.9940318033788064,0.7031048392556849,1.3404584187507242,
Outlier,400,400,10,23.28593790817513,24.131359502751817,0.8454215945766883,0.0567452299635706,-0.13093209753887214,23.416870005714,2.1305264161946997,
Gaussian,400,400,10,0.680124184043929,0.6263959831883856,0.05372820085554342,0.003697525867865092,0.6405438077213593,0.03958037632256972,0.36093816970523124,
Bimodal,400,400,10,0.5437909339118219,0.3755093132813806,0.16828162063044128,0.009863907185960738,0.7116453423087046,0.1678544083968827,0.33733325089863014,
Outlier,400,400,10,25.901497175293066,26.954799993063084,1.0533028177700174,0.27081583586387825,1.116417730662305,24.78507944463076,3.4878431747776393,
Gaussian,400,400,10,0.8402958106062993,0.8673712250801341,0.02707541447383477,0.011958871716580758,0.8728650982301902,0.032569287623890886,0.7633625116885226,
Bimodal,400,400,10,0.34904075573282867,0.16297107654396206,0.1860696791888666,0.024523791292815164,0.14755181675159948,0.2014889389812292,0.9426638787921735,
Outlier,400,400,10,25.006661260384963,24.918516986662166,0.0881442737227971,0.26625384578780903,2.2117586512430547,22.794902609141907,7.134468238914221,
Gaussian,400,400,10,0.7588828314512313,0.7413258288300846,0.017557002621146678,0.010346053114825011,0.6276728327786525,0.13120999867257876,0.2692381537570692,
Bimodal,400,400,10,0.5415851209773118,0.7157368939281916,0.1741517729508798,0.002121913649484604,0.36350512078733066,0.17808000018998116,0.35094109470812007,
Outlier,400,400,10,17.30558289073313,17.270626194508424,0.03495669622470743,0.1752553928962736,-2.466606735272749,19.77218962600588,6.922625597429706,
Gaussian,400,400,10,0.6570348414914294,0.6611270208956274,0.0040921794041979265,0.0061325059736659715,2.812487144590232,2.155452303098803,4.09969611521211,
Bimodal,400,400,10,0.4197157502682391,0.284446832261518,0.13526891800672108,0.005388657145481161,0.7377418029327532,0.31802605266451406,0.6242237060831494,
Outlier,400,400,10,25.30473718819691,25.426382575138085,0.1216453869411751,0.10853695492062258,-0.19114158714765872,25.49587877534457,0.4211368848285188,
Gaussian,400,400,10,0.7174871816062854,0.7328270215805637,0.015339839974278235,0.008647067711198818,6.8707722721028475,6.153285090496562,14.145525340526481,
Bimodal,400,400,10,0.4710869850317715,0.6297653377220389,0.15867835269026742,0.030079641240499517,0.3664600317150506,0.1046269533167209,0.3919750276454421,
Outlier,400,400,10,22.443847217239888,21.260212896634126,1.183634320605762,0.16244193087529107,0.35525694056352985,22.08859027667636,1.176424207908704,
Gaussian,400,400,10,0.7615738020451309,0.7301407665160553,0.031433035529075615,0.005390398084710805,1.0620777936947339,0.30050399164960295,0.9475903130781734,
Bimodal,400,400,10,0.4979983242973946,0.2722188420507523,0.2257794822466423,0.01378764187009896,-0.7324618322381052,1.2304601565354998,2.889575277983933,
Outlier,400,400,10,24.823708133924114,25.296398120932786,0.47268998700867115,0.15562893256136565,-1.827042010882506,26.650750144806622,4.686003555907107,
Gaussian,500,500,10,0.7260455253785287,0.7666717737529257,0.04062624837439699,0.010587150024907833,0.6419523837951847,0.08409314158334402,0.2664413657332127,
Bimodal,500,500,10,0.4762673097624773,0.33673710978901106,0.13953019997346622,0.01551915192572399,0.5945944967443298,0.11832718698185257,0.8172295981923923,
Outlier,500,500,10,21.133835259777022,21.33061844805942,0.19678318828239583,0.15208920454758976,2.142044879656286,18.991790380120737,3.210671979635872,
Gaussian,500,500,10,0.7530877310806428,0.7172751426538927,0.03581258842675006,0.0,0.4010048948158004,0.3520828362648424,0.4226562281961152,
Bimodal,500,500,10,0.5002936780397615,0.34704805267527683,0.15324562536448472,0.006833120135515536,0.03824739470323675,0.4620462833365248,0.66153421413984,
Outlier,500,500,10,22.740983189998573,24.106846513469797,1.365863323471224,0.07638735507858206,-0.6523027732255045,23.393285963224077,2.014499599680992,
Gaussian,500,500,10,0.6762460046155956,0.7227680510091283,0.046522046393532746,0.010771856120129422,0.667796383264623,0.008449621350972603,0.29935947059551166,
Bimodal,500,500,10,0.42609881397274035,0.591441586012351,0.16534277203961062,0.022674030842152703,2.896372078108647,2.4702732641359066,6.388555878987201,
Outlier,500,500,10,25.235676771220234,25.013325550756313,0.22235122046392064,0.09556089893851194,-0.7703704737181415,26.006047244938376,2.1496462730390498,
Gaussian,500,500,10,0.6373127473574158,0.6406140890228141,0.003301341665398305,0.003222173199279433,0.533329201346819,0.10398354601059678,0.2728002826727739,
Bimodal,500,500,10,0.4705248756097107,0.7312992186350573,0.26077434302534663,0.02403450708097555,0.1764141055125757,0.294110770097135,0.7186510170569069,
Outlier,500,500,10,23.01293013398158,22.78254723691374,0.23038289706784099,0.09814166315801738,-0.44125793304676336,23.454188067028344,1.1737734330567124,
Gaussian,500,500,10,0.688534692852245,0.6966337855672639,0.008099092715018852,0.004905757567553062,0.3287640364899852,0.3597706563622598,0.525801507759433,
Bimodal,500,500,10,0.4725447496518663,0.5229884471334202,0.05044369748155386,0.0,0.363718434938682,0.10882631471318432,0.34753170095759256,
Outlier,500,500,10,26.678843720334214,26.54540432158,0.13343939875421285,0.19702318489391019,-1.123932228558405,27.80277594889262,5.140823349583502,
Gaussian,500,500,10,0.6910280600593817,0.6638479599606093,0.027180100098772364,0.0029638368019011345,1.1327029563230706,0.44167489626368894,1.2238029606536729,
Bimodal,500,500,10,0.33025321241881345,0.12338288449762061,0.20687032792119284,0.026308308984533665,1.0019193978965797,0.6716661854777662,1.761823140905851,
Outlier,500,500,10,18.912281163644085,18.36372013983712,0.5485610238069647,0.11380104251777945,-3.15052110931589,22.062802272959974,7.202038234751023,
Gaussian,500,500,10,0.6076438771758302,0.6260775672870664,0.01843369011123619,0.007574445587052896,0.9528487284032551,0.34520485122742484,0.836224912611457,
Bimodal,500,500,10,0.4849655892795436,0.5820355145148877,0.09706992523534408,0.0035060015850767747,0.2801194546999346,0.20484613457960898,1.5794120891124315,
Outlier,500,500,10,22.61776819206342,22.418121910815206,0.1996462812482136,0.18482850435206652,-0.1712766657211923,22.78904485778461,1.887832481024212,
Gaussian,500,500,10,0.6868661923851787,0.7010177591225997,0.014151566737421017,0.0026361835457207584,0.14726973528990953,0.5395964570952692,0.6572910011231707,
Bimodal,500,500,10,0.38860361915835406,0.29552792946954703,0.09307568968880703,1.3877787807814457E-17,0.4945896132742453,0.10598599411589121,0.4026323301684532,
Outlier,500,500,10,22.576207838259567,23.256338646662492,0.6801308084029252,0.18941652077399398,0.11056997296880569,22.465637865290763,0.3354301751908027,
Gaussian,500,500,10,0.6245153089045951,0.646811406691899,0.022296097787303903,0.009344838940425863,0.47708841433319105,0.147426894571404,0.2672841244296469,
Bimodal,500,500,10,0.2943586328853078,0.1347090201394391,0.15964961274586867,0.011033831457981326,0.10602628551865449,0.18833234736665327,0.686791032417445,
Outlier,500,500,10,26.40673369189727,26.54229404084068,0.13556034894341096,0.13299559636254396,-0.5569339399216714,26.96366763181894,3.2475006537815205,
Gaussian,500,500,10,0.7534951180796446,0.773858367321243,0.02036324924159838,0.009101863177848678,0.8992887941679827,0.14579367608833804,0.49615691240804694,
Bimodal,500,500,10,0.45815952560473966,0.3145940032757195,0.14356552232902015,0.0071092348837254295,0.3711154290882118,0.08704409651652784,0.19106746791895277,
Outlier,500,500,10,25.48536194811855,24.997331612833875,0.4880303352846731,0.17230611900039391,7.800767238380891,17.68459470973766,7.386737589255884,
